n,mean_gain_pct,median_gain_pct,std_gain_pct,pct_05,pct_95,share_positive
938,31.954904293779357,31.470792576929124,7.421125718749552,21.09004912715472,43.87720981766139,1.0
